Timestamp,signal_strength_RF,latency_RF,Energy_kWh_rf,Communication Mode,signal_strength_plc,latency_plc,Energy_kWh,Communication Mode_PLC,usage
2023-05-05 12:00:00,-84.2741131853019,129.1229140198042,0.0015962785441612,RF,-84.11976310200815,25.94008182537916,0.0017444264900152,PLC,0.4577856921685388
2023-05-05 13:00:00,-94.14315859405016,46.59838702175123,0.0089182779688894,RF,-87.80613082769133,15.937353981909514,0.0002154864716254,PLC,0.3519559498048026
2023-05-05 14:00:00,-89.94963039687282,125.99498628542626,0.0015431922125235,RF,-116.57517559649536,14.709384279652598,0.0001637010193188,PLC,0.4829480896834488
2023-05-05 15:00:00,-89.9479979740195,196.26493185548748,0.0023351946966068,RF,-82.96118290338804,21.727165092903093,0.0002753411960542,PLC,0.6288383094013377
2023-05-05 16:00:00,-82.71875603156711,139.6923276201596,0.0016335305421859,RF,-85.0125741094262,26.058158432953675,0.0002978591163647,PLC,0.3359744375461106
2023-05-05 17:00:00,-77.60536709242695,117.48386272604124,0.0015566576546086,RF,-98.61869164428356,20.606737743653778,0.0010457507813616,PLC,0.3359771738418032
2023-05-05 18:00:00,-85.79664051405527,114.07115280487584,0.0015539705028226,RF,-74.13939861968873,15.5331437972844,0.0001405717606086,PLC,0.6382021359178986
2023-05-05 19:00:00,-86.50732227722614,72.17279181909521,0.0014565105622704,RF,-50.2353309640384,23.89898280626277,9.073782571378512e-05,PLC,0.5029057881921515
2023-05-05 20:00:00,-93.8087152269574,153.90945527360088,0.001920871073039,RF,-70.10307339933556,20.07036982051686,0.0010986117896674,PLC,0.2967542690108413
2023-05-05 21:00:00,-88.54373188572634,138.94049389788754,0.001777813571804,RF,-97.60056368567882,23.43781426037233,0.0004539629997117,PLC,0.4654266739309941
2023-05-05 22:00:00,-83.741521035357,66.98851211494218,0.0017283518993119,RF,-99.65173578835208,14.244070706570222,0.0003743078865937,PLC,0.2977637178645896
2023-05-05 23:00:00,-88.49471289187527,92.57971596521097,0.0014442795016717,RF,-78.58596219136132,17.391786266451263,0.000457272910904,PLC,0.2973783744049572
2023-05-06 00:00:00,-96.55675713388013,21.829902503800827,0.0081920193953825,RF,-105.47420540353248,24.770495713434777,0.001264224474707,PLC,0.4153270452610057
2023-05-06 01:00:00,-88.29210495691319,133.88234824228073,0.0017040486240271,RF,-77.20348668088874,23.317864044244725,0.0010931932122975,PLC,0.0561199592237003
2023-05-06 02:00:00,-85.18356531333707,160.95058910049832,0.0018492863433219,RF,-87.95391151071044,11.221927435054395,1.1959646028687956e-05,PLC,0.0875136945811612
2023-05-06 03:00:00,-98.824858766893,34.54732750914974,0.0039567069352794,RF,-82.29876477976542,19.01832920768344,0.0006515161814791,PLC,0.2812854117931712
2023-05-06 04:00:00,-96.89175941299884,10.156734998043731,0.0026731075796237,RF,-105.5434977960247,15.615904821990414,0.0003320769710993,PLC,0.2061948132775961
2023-05-06 05:00:00,-92.73453712914556,190.77508002412372,0.0022508169562459,RF,-65.74131849324084,17.95167180422286,0.0010430110610133,PLC,0.4273745554325456
2023-05-06 06:00:00,-82.44335198026596,190.3336006522705,0.0022000671726935,RF,-93.13557135870316,19.60571147308169,0.0001056460290457,PLC,0.2236626540797981
2023-05-06 07:00:00,-92.91947834585037,124.59997403067952,0.0016434030457229,RF,-77.06992051512952,24.83016111878459,0.0007697994674786,PLC,0.1396160497774514
2023-05-06 08:00:00,-88.817998067546,190.3050653102516,0.0022652882071461,RF,-79.61500354357302,12.21027260457321,0.0004956774355929,PLC,0.6192747948202592
2023-05-06 09:00:00,-90.6091919139766,76.94904372250602,0.0018545268788965,RF,-103.437033340852,20.88623753386485,0.0013762030602138,PLC,0.3373706165855774
2023-05-06 10:00:00,-84.1457362198433,199.2830825444697,0.0022450833938452,RF,-98.46730809534776,12.60994798229584,0.0012476161881278,PLC,0.3862547007813206
2023-05-06 11:00:00,-92.21845493981752,33.8589831017581,0.002994045254909,RF,-90.87582011568584,20.04625995405288,0.0006164962308308,PLC,0.1375419689644239
2023-05-06 12:00:00,-81.80292756785315,107.98564245822566,0.001474677295087,RF,-69.98998147792403,25.990407545480107,0.0001802698400811,PLC,0.2842695459124695
2023-05-06 13:00:00,-90.56308817929433,18.58226085320009,0.0111088689058708,RF,-104.26052950164336,26.207665314169247,0.0006179598540865,PLC,0.3934870982849776
2023-05-06 14:00:00,-93.60400240976,101.34229151201276,0.0012395660494123,RF,-75.8560580448018,16.63521937285702,0.0008538721702905,PLC,0.1831677370962828
2023-05-06 15:00:00,-83.43428548911075,64.35659185935717,0.0016627230285828,RF,-107.0556421033829,29.2124955764907,0.0010028367966313,PLC,0.4376163363909453
2023-05-06 16:00:00,-100.2391385212714,37.04224020053013,0.0112349450649956,RF,-118.24398210046353,28.49208687805084,0.0003784383351793,PLC,0.2748935516801992
2023-05-06 17:00:00,-92.5625410197182,141.67086638472298,0.0016486698152851,RF,-72.44270204129703,13.058615219522686,0.0007548740249527,PLC,0.3263843750344538
2023-05-06 18:00:00,-89.42311297250933,129.05635115774552,0.0016584298093787,RF,-75.03762589844747,29.515160243709023,0.0006815542738187,PLC,0.2747155646284339
2023-05-06 19:00:00,-90.47741722567896,161.6885783260816,0.001873929527858,RF,-101.14532091023707,14.02888914350346,0.0006419000285592,PLC,0.6837130307514896
2023-05-06 20:00:00,-86.70848794016332,185.5308368184012,0.0021195777002435,RF,-82.24961791064764,22.244022449726103,0.0003827537936238,PLC,0.3727504625436777
2023-05-06 21:00:00,-82.25489154942174,164.4716837814743,0.0019514903168527,RF,-74.35762808843646,17.11528324878505,0.0006256997299115,PLC,0.1987148451740166
2023-05-06 22:00:00,-85.41354907564562,89.98703218564197,0.0016358753174259,RF,-101.52635007015752,16.19675727965015,6.0657891365449576e-05,PLC,0.5120908186838649
2023-05-06 23:00:00,-89.52064233947583,112.50136901158098,0.0015029221818239,RF,-77.37150393681749,19.33172517993757,0.000814388044934,PLC,0.1715260583381629
2023-05-07 00:00:00,-88.94939945282594,194.9799353462003,0.0022217928241351,RF,-61.198388282269605,22.80750063543298,0.0007146717908469,PLC,0.4098105991674593
2023-05-07 01:00:00,-94.71537075699018,95.91513710048864,0.0015065640286946,RF,-73.69277248463221,27.63613404853547,7.602702863911317e-05,PLC,0.048388312686704
2023-05-07 02:00:00,-86.4539647916979,161.77405006249978,0.0018392169761334,RF,-101.16083838561872,25.36936945129624,0.0008531186563253,PLC,0.1536356585169282
2023-05-07 03:00:00,-82.87696526791827,177.60489588693804,0.0020076576748202,RF,-88.90416399969364,21.722730997249023,0.0004348386522928,PLC,0.4078102059781873
2023-05-07 04:00:00,-95.0599625677792,21.656090651529794,0.004076963372105,RF,-91.09920855562412,22.17097699337013,0.0006335700821792,PLC,0.4980777633325685
2023-05-07 05:00:00,-99.09829527149864,42.324413864573735,0.010377537139287,RF,-95.38048884404368,28.45605490258848,0.0018895394674037,PLC,0.4035613801983284
2023-05-07 06:00:00,-82.71091509310703,89.10322607862156,0.0015335116997122,RF,-100.46909253434532,10.683836611039048,0.0004330951391531,PLC,0.3557252862686266
2023-05-07 07:00:00,-90.14966105658738,22.023084322160887,0.0119898410359816,RF,-81.37123921731919,16.848005958086535,0.0001665982989154,PLC,0.3248160507351185
2023-05-07 08:00:00,-89.55573010721747,160.47097938873918,0.0019123572450659,RF,-88.39374508436272,29.32576764755241,0.000786204731757,PLC,0.1285796682720954
2023-05-07 09:00:00,-90.6795082360727,51.781143287704936,0.0010973600245597,RF,-86.02447006588483,13.721684022513251,0.0005173407855874,PLC,0.2550259652675486
2023-05-07 10:00:00,-82.59156924993161,108.1823327088717,0.0014836475675928,RF,-78.15098887550064,19.62137463920682,0.0002457369727709,PLC,0.2982268715067021
2023-05-07 11:00:00,-82.63986457141598,167.8601923047667,0.0019888788306071,RF,-85.22998593082374,18.632744157591183,0.001207051989808,PLC,0.5511870377031526
2023-05-07 12:00:00,-94.43351590182972,22.69558294533089,0.0075049267218135,RF,-66.3432863063927,18.74950369860335,0.0007085189677046,PLC,0.432269714928077
2023-05-07 13:00:00,-86.62037630951316,87.56150944540411,0.0016282552078381,RF,-76.10217418944407,16.753993657736572,0.0006000122466673,PLC,0.081159974106211
2023-05-07 14:00:00,-83.9995642073049,176.95442174635943,0.0020348758727929,RF,-78.31107501666389,11.646870826394082,9.537832407951628e-05,PLC,0.4290139948991325
2023-05-07 15:00:00,-84.13475278832857,53.87377786289795,0.0015380714714402,RF,-61.2055665314992,11.973081499727572,0.0005342100826608,PLC,0.3108196199306139
2023-05-07 16:00:00,-91.52824594941887,94.76807714262924,0.0016864962521944,RF,-98.42455882111332,24.771415599612634,0.0001505987643157,PLC,0.2621796666156735
2023-05-07 17:00:00,-95.9108452772693,189.4907204682113,0.0021221731222253,RF,-102.32830312723736,27.268350270112844,0.0011757727697362,PLC,0.4769460481401446
2023-05-07 18:00:00,-91.69253611409172,190.04499861736733,0.0021576590265644,RF,-59.47451786592804,21.86211458901105,4.399465873190259e-06,PLC,0.5468332537493252
2023-05-07 19:00:00,-81.4465310320858,78.06845086091833,0.0016687260357128,RF,-98.84920512090603,29.00915710154592,0.000219746160142,PLC,0.5302133531860331
2023-05-07 20:00:00,-91.40745160358142,67.86394650520221,0.0015022654409701,RF,-104.77613166997097,25.81919576627257,0.0004880477437395,PLC,0.2351304127962269
2023-05-07 21:00:00,-88.85400556284266,147.33566870432034,0.0018082303201328,RF,-60.80616562049556,10.9153248431361,0.0002434187657306,PLC,0.3234646040247976
2023-05-07 22:00:00,-95.38320641768271,199.7491160876177,0.0022632565330971,RF,-88.72215861628932,17.95387450251028,0.0016124554926875,PLC,0.430210571900594
2023-05-07 23:00:00,-97.0572825488324,20.15050449379979,0.0114405703991826,RF,-83.72723166849327,21.07856998006503,0.0004067027920897,PLC,0.5375908545203932
2023-05-08 00:00:00,-102.7179709422102,37.02954658614168,0.0022062332106216,RF,-62.02050419866656,10.823249706403391,0.0004687299721207,PLC,0.295137627025785
2023-05-08 01:00:00,-95.31617786633728,23.881833169915385,0.0079810734104871,RF,-88.87930343110173,17.581208931985145,0.000565212434655,PLC,0.3440568372226972
2023-05-08 02:00:00,-89.43800508368679,15.77625205214098,0.0024823671521694,RF,-69.03867507878809,16.586848378051222,0.0005537345587303,PLC,0.190610837665662
2023-05-08 03:00:00,-91.7453249837349,49.737361974782445,0.0050492130926509,RF,-92.96402741595142,20.327047269259804,0.0001890950357481,PLC,0.1756322293198882
2023-05-08 04:00:00,-92.33853100162833,83.4957009398218,0.0013264255352707,RF,-100.57761893232876,19.547174090574305,0.0003699938590023,PLC,0.510420970399033
2023-05-08 05:00:00,-91.39046711779253,97.90933964929346,0.001921809682559,RF,-99.29704167332692,14.378146839543838,0.0001380649030096,PLC,0.6010400047618039
2023-05-08 06:00:00,-80.115876488784,164.30176824140025,0.0019873335140202,RF,-97.26072599224398,11.68833219695368,0.0006636093607825,PLC,0.3629983130699444
2023-05-08 07:00:00,-93.86123039370582,48.515347174372565,0.0051056282169301,RF,-93.00180867743452,22.012723499963304,0.0006106286482113,PLC,0.5422554829820041
2023-05-08 08:00:00,-95.5232803238955,15.35963563029053,0.0017878463823368,RF,-69.38773601865086,23.00191405678128,0.0001051268159709,PLC,0.4352726708412724
2023-05-08 09:00:00,-84.21938863187076,193.7839654928526,0.0021856191711154,RF,-82.62276202996725,19.866866226307472,0.0006328013068243,PLC,0.2674800408991459
2023-05-08 10:00:00,-85.81466263831156,190.45041412180788,0.0022171369407849,RF,-91.53953879276872,23.8285369798767,0.0001774177854983,PLC,0.435232600918069
2023-05-08 11:00:00,-90.06327609658679,165.38915740405054,0.0020029996456703,RF,-88.64095394651869,17.0134636171514,0.0006106792946742,PLC,0.6313394277443282
2023-05-08 12:00:00,-85.74185661107843,142.5965799461473,0.0017880725564418,RF,-92.4574986810698,12.671226149583523,0.0008985536834095,PLC,0.3690289934816748
2023-05-08 13:00:00,-81.60596352168058,78.69615134348248,0.0018794006487217,RF,-71.92983501383064,21.4668230840596,0.0005205858880027,PLC,0.6357739426356678
2023-05-08 14:00:00,-103.16216772247066,46.35256172905257,0.0038725335845985,RF,-86.53983173286814,17.69269336023174,0.0003039008791342,PLC,0.0
2023-05-08 15:00:00,-87.86505311061843,109.04536669903504,0.001430592596177,RF,-107.75730021149408,21.38041404364733,0.0015898740989825,PLC,0.511983750729204
2023-05-08 16:00:00,-87.59872918457569,90.10960338084354,0.0016860674556022,RF,-97.6192284488612,19.192166262772904,0.0002400071341571,PLC,0.3895078447063619
2023-05-08 17:00:00,-89.66201362297338,69.03842906976332,0.0015592566936657,RF,-104.1384854866582,21.40428257955193,0.0009360258130445,PLC,0.3251654415890221
2023-05-08 18:00:00,-84.90427233508338,175.93472407820315,0.0021078541750454,RF,-81.3745473928283,19.584328384380346,0.0005365294567846,PLC,0.390293462755917
2023-05-08 19:00:00,-91.64492323943924,101.32310707837046,0.0014058785216723,RF,-65.73358428684793,22.82693587576491,0.0006447965365816,PLC,0.0437385142331845
2023-05-08 20:00:00,-79.82063088436394,151.90487177268892,0.0017556685775606,RF,-81.33985390412201,24.59211264217329,0.0002585897245989,PLC,0.338388018693748
2023-05-08 21:00:00,-89.34826928659305,101.98230433994624,0.0012900303869174,RF,-82.63143613353584,22.51461127136627,8.589367575380323e-05,PLC,0.4345187619186244
2023-05-08 22:00:00,-96.07764750413524,183.37291623350697,0.0021340839395812,RF,-74.79218040222769,21.8200139683244,0.0010856863363774,PLC,0.6213156741235861
2023-05-08 23:00:00,-90.71086649036964,140.19920174533124,0.0016593993890511,RF,-82.60121772239026,11.851344954730964,8.349840590278445e-05,PLC,0.2886216302877255
2023-05-09 00:00:00,-87.90238336480505,165.3924490067314,0.0019324263185379,RF,-93.13390122128033,15.94990031777587,0.0001298248115964,PLC,0.2402510661844687
2023-05-09 01:00:00,-97.19033683065231,31.616880521222363,0.0070667373390698,RF,-76.37347333839278,21.777187520198204,2.2164165753575456e-05,PLC,0.291373826069244
2023-05-09 02:00:00,-93.4377257192414,30.96647261848849,0.0042289831728975,RF,-61.22531729841613,20.90203082629941,0.0003072335786924,PLC,0.5275670196170125
2023-05-09 03:00:00,-95.1058204994798,20.188143294002053,0.0104828880266876,RF,-99.3416256226226,14.182132549729817,0.0004073418675724,PLC,0.4297918516099475
2023-05-09 04:00:00,-85.14842036661311,150.01103714578224,0.001753337022785,RF,-101.81543856989995,12.331785094522818,5.332312389099864e-05,PLC,0.2867066327054935
2023-05-09 05:00:00,-93.33277317317584,87.92236410200982,0.0018466640080103,RF,-60.57304009827424,21.74116935159894,0.0005375270904746,PLC,0.4605445721855594
2023-05-09 06:00:00,-89.29494473931801,83.75998349189669,0.0015098189033201,RF,-89.36898241217573,25.999935507300123,0.00060504097629,PLC,0.3911795915580067
2023-05-09 07:00:00,-87.32309108076113,115.886056605783,0.0013973722966175,RF,-101.73841721090504,29.4134179674396,0.0007076831956003,PLC,0.5364408317554815
2023-05-09 08:00:00,-88.91593487903778,78.88785082852016,0.0014825780721772,RF,-98.8774905431537,28.21214228544069,0.0001074569835834,PLC,0.2579911510204413
2023-05-09 09:00:00,-89.12189544998867,183.7113842560657,0.0021902794735982,RF,-101.6580536731134,25.82563211616573,0.0001477381627974,PLC,0.3203896422337053
2023-05-09 10:00:00,-81.34715845430983,149.9670911961484,0.0017279101031427,RF,-73.27516619930715,25.70085331868333,0.0007637846951882,PLC,0.3096486411446404
2023-05-09 11:00:00,-87.14471916661647,61.11633456022071,0.0013821620267387,RF,-96.82783650131005,26.600636448305373,0.000405426450646,PLC,0.1310808419779802
2023-05-09 12:00:00,-82.61777592402042,170.4040987438654,0.0019892949544908,RF,-77.52882026460455,24.40024167382225,0.0006774234082177,PLC,0.4243533795107627
2023-05-09 13:00:00,-87.41601761947689,109.81557972740346,0.0014788689217289,RF,-60.73613825970712,14.32144958427758,0.0002099856692447,PLC,0.4185092120299816
2023-05-09 14:00:00,-83.02760784757481,109.76391348802062,0.0014297246772495,RF,-98.04337847196538,19.3917002037058,0.0004992334903483,PLC,0.3758522427737435
2023-05-09 15:00:00,-87.99027930504076,77.04245255555486,0.0012541646782574,RF,-95.64511149381512,13.446884870854202,0.0001119454710826,PLC,0.3359021444374755
2023-05-09 16:00:00,-92.73860196220228,28.54103636397768,0.0111887061172387,RF,-84.29650984237152,27.074460751633417,0.000239669391444,PLC,0.1391048763249309
2023-05-09 17:00:00,-93.15853893209372,87.98660678669734,0.0019766268598677,RF,-64.03380478535561,22.90643085746757,0.0003239439364044,PLC,0.3048924462057735
2023-05-09 18:00:00,-91.7488983174472,14.757756983201984,0.0062159818166509,RF,-98.74020628279196,14.700379345737646,0.0001864918026509,PLC,0.3178809139122051
2023-05-09 19:00:00,-83.89138744983164,197.0293431945965,0.0023478546652448,RF,-57.99154816858528,13.974899928848483,0.0008213266261054,PLC,0.2412871217963968
2023-05-09 20:00:00,-92.02755435058177,29.211341555570847,0.0037988188731413,RF,-76.73659285527972,23.14461986229284,0.0006967064367359,PLC,0.3481190480556652
2023-05-09 21:00:00,-93.70695735791712,193.40718261923627,0.0023356738477617,RF,-69.65237664719103,27.347707425430464,0.0010235344194622,PLC,0.4423418094690897
2023-05-09 22:00:00,-91.63422042036136,152.67427137216166,0.0019228055176658,RF,-111.56901882275191,16.556455225124395,0.000171362520549,PLC,0.6893643168684218
2023-05-09 23:00:00,-88.34718652774488,161.98265952907013,0.0020241609166569,RF,-79.68016595707742,28.091547752407827,0.0005062451138558,PLC,0.4040963021386398
2023-05-10 00:00:00,-89.901157335013,16.41736790461686,0.0099746149914871,RF,-81.44884488404233,12.673076746555411,0.000172623859471,PLC,0.4179250651204608
2023-05-10 01:00:00,-86.70442258519694,95.3182118522774,0.0020243207733403,RF,-79.99589216292601,13.475090687620131,0.0001020032219789,PLC,0.3625923473723055
2023-05-10 02:00:00,-88.6907765837235,183.8334685741575,0.0022453426586077,RF,-78.78338338419,11.650995348661272,0.0001155584773597,PLC,0.0552047974501597
2023-05-10 03:00:00,-86.36590416164742,104.28755308570268,0.0013338291664022,RF,-97.39547905344968,16.912029042450804,0.0001957042769159,PLC,0.3705810207584639
2023-05-10 04:00:00,-86.28952399334479,135.11492532075906,0.0015729828701556,RF,-105.76223420263187,15.021858149895367,0.0009964460667234,PLC,0.3850383683235043
2023-05-10 05:00:00,-84.82632864375962,51.119855452536086,0.00107226090559,RF,-90.74282173579174,23.34280758098993,0.0004433538350236,PLC,0.7855403520808812
2023-05-10 06:00:00,-87.4340894495617,91.1557360878267,0.0019801307298248,RF,-76.0695286407024,23.16762763542492,0.0001846537869791,PLC,0.3429398392031463
2023-05-10 07:00:00,-96.13474333363136,180.8913630499449,0.002212719928078,RF,-72.65667708549753,29.963213447743684,0.0010246706700937,PLC,0.4252578903889354
2023-05-10 08:00:00,-85.05329789035281,121.61161222913596,0.0015114974036202,RF,-84.23027629037531,16.969642457053205,0.0003073801518267,PLC,0.3692147050491261
2023-05-10 09:00:00,-85.60328215835914,167.8937413352001,0.0019850999665786,RF,-86.95392354082904,18.93112876928128,0.0004713642022079,PLC,0.1802203270634113
2023-05-10 10:00:00,-89.22716201977427,123.98622499770448,0.001452192418783,RF,-60.81244169757439,21.23717542677701,0.000259400581161,PLC,0.5654704690858368
2023-05-10 11:00:00,-88.59827138730317,146.08953568281513,0.0017128903058331,RF,-88.38204557676764,13.386952773387565,9.285292603473598e-05,PLC,0.5003221721144624
2023-05-10 12:00:00,-89.18054638741316,129.43051509110987,0.0016607857016359,RF,-97.71157968129732,16.964323771336126,0.0003909256233839,PLC,0.5068386578405079
2023-05-10 13:00:00,-84.88771597490009,35.573973693702314,0.0115105803630371,RF,-68.16198129661224,11.65521357357342,0.0011487690670288,PLC,0.2234354242008768
2023-05-10 14:00:00,-86.84429818531154,157.67133050108689,0.0019577580075719,RF,-70.47332628753955,27.131908655879275,0.0002455468529267,PLC,0.6087990518226833
2023-05-10 15:00:00,-91.48366719240444,31.14844022994966,0.0109464134699518,RF,-81.202069853965,26.701286894781543,0.0007845618913643,PLC,0.1413581562012865
2023-05-10 16:00:00,-82.23007034093297,98.20529276508702,0.0014918033369793,RF,-66.71057726914374,28.41205739896655,0.0006485466119217,PLC,0.4728095156333785
2023-05-10 17:00:00,-92.01487518133725,133.31900006992976,0.0015857507422256,RF,-75.53773329649678,27.73286539678121,0.0001618669303552,PLC,0.7400759376349965
2023-05-10 18:00:00,-86.12101857755196,130.125412203519,0.0015620771390632,RF,-93.65922209643048,18.320766843069823,0.0002468166902412,PLC,0.2099106124782185
2023-05-10 19:00:00,-91.12218882240596,14.701584853954405,0.0079309718397468,RF,-66.37756196578788,11.734307029686583,0.0001436892179959,PLC,0.2806170450662046
2023-05-10 20:00:00,-92.38949655399884,167.19322411628437,0.0020676526344496,RF,-115.25904426107056,18.8849635905069,0.0009080325074075,PLC,0.3916085608479402
2023-05-10 21:00:00,-88.68274288579275,89.60126877388089,0.0015987174562712,RF,-69.4655016653087,12.330209795605072,0.0002664339574544,PLC,0.2910873909806334
2023-05-10 22:00:00,-79.78891487221186,169.13198288203898,0.0019520990773523,RF,-75.01558486756053,12.713415489822737,0.001188470158496,PLC,0.1165560948223112
2023-05-10 23:00:00,-95.24325221449084,93.57556308157773,0.0016868299800723,RF,-76.88160435128923,28.30605405398009,0.0004880618823066,PLC,0.3864271624676713
2023-05-11 00:00:00,-91.5068819548713,39.610204551519104,0.0040569577667507,RF,-97.974458870865,27.082821881350995,0.0006769916786616,PLC,0.1979493810456492
2023-05-11 01:00:00,-88.38108617205637,141.87758386915095,0.0017178893050233,RF,-97.18774018636388,18.97105473089164,0.000246119723383,PLC,0.4539320717725302
2023-05-11 02:00:00,-87.22930080493809,143.1786600825293,0.0016879407940475,RF,-98.80624610709415,11.089071133121925,0.0007285702697798,PLC,0.2217626276276995
2023-05-11 03:00:00,-95.6582037813073,68.70124729012959,0.0012636013670732,RF,-108.95440130381893,22.06184731043413,0.0002218519288435,PLC,0.6333224008362566
2023-05-11 04:00:00,-85.59234895807363,181.918584189762,0.0020925959826493,RF,-87.25170384887157,20.67511318718644,0.0017937345867347,PLC,0.2444577846106271
2023-05-11 05:00:00,-90.43078806718847,38.13044889735141,0.0057585548753198,RF,-81.52732923729135,27.250128336335404,0.0011937978413455,PLC,0.3213230806323874
2023-05-11 06:00:00,-92.08513708490445,94.12007221869348,0.0014268599947195,RF,-90.17914789915768,13.574310246886949,0.0019170632286678,PLC,0.5105862028949449
2023-05-11 07:00:00,-85.22102020320824,165.79601632908805,0.0020528745961655,RF,-100.45582577202434,13.899958798484873,0.0010640964081699,PLC,0.1698559472610075
2023-05-11 08:00:00,-92.6694813384232,155.98516911782218,0.0019608459918649,RF,-50.93375430192856,22.77754835182229,0.0001593515078992,PLC,0.4129099891006883
2023-05-11 09:00:00,-82.90793276216822,116.92418713446712,0.0014131887882623,RF,-74.34120379079991,15.165563870630816,0.0009339677209,PLC,0.5928571257137382
2023-05-11 10:00:00,-89.76651791546716,188.1458617584796,0.0021793575906208,RF,-74.1303901735927,21.032955712772456,0.0012015799064175,PLC,0.1070861275731287
2023-05-11 11:00:00,-104.07868423054404,43.73004005285246,0.0046597633296886,RF,-90.04954695496748,21.83069913678888,9.294986637879166e-05,PLC,0.405772309755384
2023-05-11 12:00:00,-106.20114113476026,11.66162777583596,0.0113960547889547,RF,-75.50646390353356,28.20097017789523,0.0009492077564639,PLC,0.4183137990414038
2023-05-11 13:00:00,-84.82968870150658,47.90315195464383,0.0113518623595753,RF,-83.56263177523901,26.342585138559755,0.0006603990049705,PLC,0.5053038119628851
2023-05-11 14:00:00,-82.2906218683911,164.9610301221237,0.0020354304636051,RF,-64.82829277638515,11.675814720834506,9.454690612209348e-05,PLC,0.1688415481869863
2023-05-11 15:00:00,-88.47418460710131,122.05067594519468,0.0016267467168874,RF,-73.03805235709416,21.007353143298094,0.0011370824546113,PLC,0.1549238978192872
2023-05-11 16:00:00,-92.42208233336343,57.22414941711616,0.0014033640120284,RF,-90.11331729888992,21.24147985782532,0.000453639123183,PLC,0.4619902609361497
2023-05-11 17:00:00,-95.29418919093658,172.24311468923878,0.0019630168535087,RF,-91.6226886564854,15.317138452383176,0.001057355086012,PLC,0.4244974455388643
2023-05-11 18:00:00,-87.29464432537044,50.149272619452894,0.0012090016070786,RF,-74.5024590817073,26.873108711034654,0.0003923503695124,PLC,0.4167488083909794
2023-05-11 19:00:00,-99.6864017525416,178.07708457602473,0.0020103727019789,RF,-63.69718882190645,13.3624029183649,0.0004171839979418,PLC,0.4327413682494959
2023-05-11 20:00:00,-83.55358126504717,197.18219990373285,0.0023105958606762,RF,-70.77179769699704,12.69320603828086,0.0010408168426028,PLC,0.2616625464035849
2023-05-11 21:00:00,-96.35337939987508,33.79685613038568,0.0066879394374566,RF,-86.18588951454404,17.372193971066743,0.0011071761294893,PLC,0.4137089495268339
2023-05-11 22:00:00,-89.47094962178417,130.63777023678077,0.001699564394308,RF,-89.73438195933525,10.98148657614657,0.0009247099843546,PLC,0.4238454122164469
2023-05-11 23:00:00,-90.8695517712376,11.46573842637586,0.0014952573840326,RF,-85.26538811368843,23.1324688894931,0.0006528074056729,PLC,0.2559414303289388
2023-05-12 00:00:00,-87.95142546589014,68.34617312992054,0.0015313815019667,RF,-64.86466694154944,21.878372919461462,0.0007528338088063,PLC,0.6859624185241261
2023-05-12 01:00:00,-93.54280867953425,17.40966855112577,0.011998240974491,RF,-92.31069011149236,27.59748725649072,0.0008439312453072,PLC,0.4539721534852979
2023-05-12 02:00:00,-92.78472189960968,15.112320007329036,0.0086414058490288,RF,-76.88270341230833,27.804971056879985,0.0002184745411292,PLC,0.1764494171328919
2023-05-12 03:00:00,-86.81441200099822,138.02441429922982,0.0017830750936633,RF,-103.12322721155113,17.3319957720756,3.076742067392958e-05,PLC,0.4844256014389716
2023-05-12 04:00:00,-97.49821087541568,33.71193113333596,0.0111073421723822,RF,-87.33928524833516,12.087157479524944,0.0006422668721742,PLC,0.2125530549621131
2023-05-12 05:00:00,-83.13936400203721,136.94286686683304,0.0016518524735929,RF,-101.00210097333913,27.70276379159919,0.0009223246548832,PLC,0.5061807672904087
2023-05-12 06:00:00,-95.40926177991273,11.829049953184024,0.0112968958422316,RF,-83.02304709299848,21.0000849881541,0.0005795611920712,PLC,0.5680992631679007
2023-05-12 07:00:00,-90.89075269883556,11.974904675235436,0.0069584162741334,RF,-95.48883435263562,22.87342940737195,0.0006137434424448,PLC,0.2382196136080482
2023-05-12 08:00:00,-89.17117122351418,149.6663827580337,0.0017279732171351,RF,-102.93200424868282,27.51338873162868,0.0001359707369573,PLC,0.5355626882073871
2023-05-12 09:00:00,-87.79593349095255,170.98574724265848,0.0020330870430201,RF,-82.71881047039005,10.296910753500304,0.0006804020156673,PLC,0.4437968211560831
2023-05-12 10:00:00,-82.35272660949776,50.29833538052085,0.0010518723979318,RF,-95.2292787508216,24.1611931647484,0.0008310505522814,PLC,0.5120100266657484
2023-05-12 11:00:00,-78.20577941519812,150.28420568562586,0.0019062813277678,RF,-82.00576548656841,19.64967463810453,0.0001970038735573,PLC,0.691132163775658
2023-05-12 12:00:00,-99.47414116221972,47.49507285066302,0.0037976659533181,RF,-107.45740894969416,11.354301914763075,6.174988120333756e-05,PLC,0.3341019806661883
2023-05-12 13:00:00,-86.97607557066542,35.89163913681137,0.007496974279725,RF,-92.63287328964536,17.642345246808883,0.0014321090701482,PLC,0.2493773059404184
2023-05-12 14:00:00,-94.09578184096556,118.1219824236084,0.0015645266489358,RF,-74.73926817780125,18.336322082989348,0.0013507452376557,PLC,0.2267475950624128
2023-05-12 15:00:00,-87.69229337730398,110.0775512295618,0.0013624571266716,RF,-92.7310000504406,13.793579816353365,0.0001210509386146,PLC,0.239031619172427
2023-05-12 16:00:00,-87.7064025266588,31.19974982431848,0.0102041296162639,RF,-88.82249633512066,23.22883143568782,0.001177262231915,PLC,0.3621497150976493
2023-05-12 17:00:00,-96.4927787976932,91.8432205826626,0.0013491388395188,RF,-78.11860534270656,13.886960564801642,0.0001232743452432,PLC,0.4318586624694406
2023-05-12 18:00:00,-88.48533759489985,59.17061640244442,0.0011162030036758,RF,-77.91261034704203,14.805928551749345,0.000203707946561,PLC,0.4211151332216698
2023-05-12 19:00:00,-92.45464282541184,191.86259436863577,0.0021835795207211,RF,-100.32143931051692,24.09138982253762,0.0007911268064522,PLC,0.5128638748393373
2023-05-12 20:00:00,-86.43388809684635,108.10311095780168,0.0013708633877279,RF,-70.5482246951946,13.318533964109772,0.0003298988573272,PLC,0.3771669819796511
2023-05-12 21:00:00,-89.20094613930935,178.26380976922465,0.0021481653450455,RF,-90.77566857010692,11.838703327119154,0.0005778137806615,PLC,0.6172556795262195
2023-05-12 22:00:00,-92.2029800755126,60.28784301124856,0.001499495123642,RF,-69.55083123873638,17.9485866302565,0.0006802996893425,PLC,0.330890527793674
2023-05-12 23:00:00,-84.47108638280837,59.116538066588845,0.0010133686922341,RF,-112.26033381394474,18.39157685601057,1.991128176546029e-05,PLC,0.8283615277649365
2023-05-13 00:00:00,-83.01972674785775,124.7097122978378,0.0014792587770443,RF,-63.07402237388867,20.477238822348248,0.0006295356246342,PLC,0.4792778912941677
2023-05-13 01:00:00,-85.88853109701334,167.61597054636508,0.0018946309521017,RF,-87.50678181974334,20.836306160546258,0.0007815917340536,PLC,0.2321404072639529
2023-05-13 02:00:00,-96.0772238175354,76.52019363975869,0.0012744825541309,RF,-79.16485875680188,25.83842051159428,0.0008170007184635,PLC,0.1965179169898146
2023-05-13 03:00:00,-86.71900712939667,120.9806663297594,0.0014435664718027,RF,-64.79965320330626,14.57468264595551,0.0008972480806167,PLC,0.4554120692071975
2023-05-13 04:00:00,-87.58796777404376,81.62988715521233,0.0012690233200674,RF,-69.80532742615061,23.765780515774704,0.0014867056633372,PLC,0.3377562024456916
2023-05-13 05:00:00,-98.21043656375603,86.86936134914134,0.0019595064108997,RF,-105.43347023941718,26.190326299513004,0.0008339462441626,PLC,0.494000082348682
2023-05-13 06:00:00,-98.85792077500506,12.591268034468255,0.0064076262506327,RF,-104.92385016902004,14.283910467655025,0.0001792954055859,PLC,0.4538729374289242
2023-05-13 07:00:00,-88.04106516807317,87.30065329921237,0.001708090998031,RF,-89.97407263824203,14.33173505112038,7.459462386475915e-05,PLC,0.3628618478905212
2023-05-13 08:00:00,-85.15665136294594,170.85607518916632,0.0021063272159056,RF,-80.83713186315322,20.74982849426685,0.0007878779982666,PLC,0.2338677136552658
2023-05-13 09:00:00,-83.86607294760253,158.84531921702478,0.0019722116066313,RF,-76.56088066512044,25.320592922177497,0.0003327480872997,PLC,0.1225254625523559
2023-05-13 10:00:00,-83.97175666193364,156.75296692849415,0.0018581886624272,RF,-82.63917527821337,11.209921856893512,0.0012529848922028,PLC,0.3005808413221632
2023-05-13 11:00:00,-97.2427180686645,115.8190576848873,0.0014776725943603,RF,-111.40335663109371,15.532716935760442,0.0001559124314528,PLC,0.5177331323872454
2023-05-13 12:00:00,-83.31055328972371,197.7805324332496,0.0021998818889218,RF,-82.5577578488049,27.993419344627853,0.0007222947147449,PLC,0.4106822906883673
2023-05-13 13:00:00,-92.15685810256896,122.33260796552874,0.0015019740528119,RF,-66.43474805771729,14.695634955623795,0.000482472662506,PLC,0.1673768702146687
2023-05-13 14:00:00,-84.18271446561253,156.71014144307264,0.0018285884277603,RF,-86.53859721294533,19.296492673167563,0.000665520027328,PLC,0.4038634876418636
2023-05-13 15:00:00,-96.76955397537743,57.37829814537013,0.0012902183784333,RF,-75.01241958238478,29.405679131964053,0.0003858165197401,PLC,0.4392195632881395
2023-05-13 16:00:00,-96.67396669410614,26.14552125677037,0.0108500818114425,RF,-75.37228050796635,21.3305185213578,0.0002382673942066,PLC,0.2276904272998111
2023-05-13 17:00:00,-95.5341695549274,125.85368230404347,0.0015317759070606,RF,-66.30505015260749,11.402288892533898,0.0007451716805027,PLC,0.4006208509909214
2023-05-13 18:00:00,-88.25390620206535,102.62377819800766,0.001262725744803,RF,-116.24923549957975,10.511712063454723,0.0002299931556659,PLC,0.3847014530743333
2023-05-13 19:00:00,-93.8762651851922,190.61699446370056,0.0021378804430566,RF,-95.80641689637126,17.81960336417857,0.0008190085553978,PLC,0.1845049503615627
2023-05-13 20:00:00,-84.48936453736991,116.91798777528736,0.00158485166798,RF,-76.48317032967631,17.21118629199993,0.0001923076600322,PLC,0.4346312267247139
2023-05-13 21:00:00,-83.40810518678016,101.45686752060264,0.0012587402177684,RF,-72.1464870644409,12.08297126680574,0.0006881504212659,PLC,0.468464087728039
2023-05-13 22:00:00,-95.69756809384012,21.21377876021761,0.0018943036252694,RF,-92.90511430536066,22.765860969655485,0.0009327336440777,PLC,0.5555085405292128
2023-05-13 23:00:00,-90.1286352640458,51.82264538595188,0.00103302481336,RF,-87.86635642006726,11.062893722543688,0.0004096181996446,PLC,0.5506336753391505
2023-05-14 00:00:00,-92.26605073139888,123.22676766640213,0.0015325133259976,RF,-101.07921695700593,17.883410917465124,0.0012590753428955,PLC,0.1453884386738181
2023-05-14 01:00:00,-85.57379870160106,50.55831904270745,0.0011658398816567,RF,-78.47897938174668,13.29093120486823,0.0004451777423688,PLC,0.2186958266808129
2023-05-14 02:00:00,-86.54525195742964,64.93251188647332,0.0013836955606438,RF,-84.40331504952474,21.383865899530782,0.0001181529647779,PLC,0.4608392112014433
2023-05-14 03:00:00,-94.79540360978802,14.975928442363994,0.0040149054883238,RF,-104.15737012556056,21.3997406082366,0.0012628087181371,PLC,0.4606309918187015
2023-05-14 04:00:00,-85.37120115938563,66.27946261650946,0.0015220106065741,RF,-85.55864212543977,14.369311717144472,0.0005407024259149,PLC,0.4608412810510081
2023-05-14 05:00:00,-92.27124745600398,41.51247215779623,0.0071710475132373,RF,-106.537452824574,23.88303434282953,0.000649965192162,PLC,1.0
2023-05-14 06:00:00,-88.9766296116241,171.87853862097955,0.0020047454620168,RF,-95.92937160741792,13.2719391775221,0.0001487343882627,PLC,0.4701484184488612
2023-05-14 07:00:00,-89.8308054849866,30.112395378823035,0.0110586035168875,RF,-79.24996714606849,14.584700058094874,0.0006667642189096,PLC,0.5642609400300999
2023-05-14 08:00:00,-84.69246993006273,174.45051234649134,0.0021470815521477,RF,-81.72528755024275,25.55809306442211,4.638668763689571e-05,PLC,0.5340002939155337
2023-05-14 09:00:00,-88.47941981129587,132.7757655291386,0.0015812518108641,RF,-68.58358642697735,26.756492873667643,0.0011215392162972,PLC,0.4835652085509663
2023-05-14 10:00:00,-87.17188404762368,121.31864697420474,0.001580656225883,RF,-74.01277987195444,26.56325257984568,0.0006155182934363,PLC,0.3224551258932757
2023-05-14 11:00:00,-95.24234999512824,50.53463605701041,0.0014037015582221,RF,-79.02385990593011,19.394780916088497,0.0007989364738148,PLC,0.5014948700822113
2023-05-14 12:00:00,-89.57154169354658,91.75523182276592,0.0018973108441702,RF,-107.3113112354028,11.48345736472167,0.0002650570763426,PLC,0.2461957975770713
2023-05-14 13:00:00,-93.42570205388846,30.49277179034087,0.0096658408570445,RF,-90.56221960020709,17.96854396283441,3.863026061073967e-05,PLC,0.3355302322099985
2023-05-14 14:00:00,-89.57230540710177,150.12837378404052,0.0018839426138829,RF,-64.0098281116729,19.922964894685272,0.0005117222455199,PLC,0.2941060753618161
2023-05-14 15:00:00,-93.59067368858376,144.5816169649737,0.0018523805472766,RF,-80.99582808668829,16.25630670536377,2.4962990711781725e-05,PLC,0.3886456898977204
2023-05-14 16:00:00,-104.39613540038334,43.54027306570182,0.0049416686994722,RF,-81.56832451319782,12.063937248941537,0.0003069115698589,PLC,0.7607764277789182
2023-05-14 17:00:00,-87.20970791221336,185.49287570592924,0.0020973718520574,RF,-93.75182462278464,14.674092983208292,6.307231875770332e-06,PLC,0.0637891345680419
2023-05-14 18:00:00,-90.69011099239876,118.08990066189172,0.0015443345198464,RF,-90.74506055825644,23.77747453252037,0.0003558230762108,PLC,0.4893766983957522
2023-05-14 19:00:00,-88.26961589041561,178.6146134078369,0.0021347565006073,RF,-80.81755176826073,16.84772619697243,0.0007943402397034,PLC,0.1062140214683914
2023-05-14 20:00:00,-93.70162793300992,63.64295655870978,0.0013817780832419,RF,-58.69605046913758,18.504645875761533,0.0002249279724341,PLC,0.2963446890350945
2023-05-14 21:00:00,-97.3757832847426,12.655770978078117,0.0087047871136957,RF,-82.06004121352846,15.358977760609733,6.745986691597617e-05,PLC,0.5564917661612278
2023-05-14 22:00:00,-93.68594117183676,177.20476094676297,0.0020387612521399,RF,-73.96496983632284,17.581157666354628,3.993828125065733e-06,PLC,0.3857133365159105
2023-05-14 23:00:00,-86.17162070416175,132.47692677389733,0.001596010484085,RF,-85.56423007692054,15.4331632806584,0.0007404078280992,PLC,0.1953758703451157
2023-05-15 00:00:00,-92.245964674031,122.98100623046508,0.0014950325743581,RF,-60.43936400610184,12.10277514476184,0.0009927760417351,PLC,0.2557827151233386
2023-05-15 01:00:00,-84.02753040384583,153.52991407295772,0.0017724565737415,RF,-65.04983017479998,27.4768881510418,0.0010164029359082,PLC,0.4882662914891127
2023-05-15 02:00:00,-89.66705350516187,195.9868013877532,0.0022417560949942,RF,-70.82607148130919,15.81817495129254,0.0002323104224734,PLC,0.253272228047144
2023-05-15 03:00:00,-89.00939242058733,191.5809386968712,0.0023267820920596,RF,-84.21763288199892,21.24955216715525,0.0005034597086794,PLC,0.4110764315969958
2023-05-15 04:00:00,-80.96053392357194,132.9704404163464,0.001704775843172,RF,-81.84437091297237,13.867640646742272,9.16338743812261e-05,PLC,0.3825953066506355
2023-05-15 05:00:00,-89.24779739640569,86.63313506045387,0.0016654484335908,RF,-101.98045253197624,19.003484099528784,0.0002175671967241,PLC,0.2663999420656971
2023-05-15 06:00:00,-88.62146073244745,150.5428586402502,0.001771903194011,RF,-113.17355160855632,24.705311177175204,0.0005648973747629,PLC,0.7323240148875544
2023-05-15 07:00:00,-83.34070547490013,61.8013893293702,0.0014836097656811,RF,-53.45484802585671,23.42324861706312,0.0005882837482625,PLC,0.4806531703863352
2023-05-15 08:00:00,-88.19315164237659,82.96352613563943,0.0014621738573247,RF,-96.92116753988284,18.30482281589969,0.0002785156349806,PLC,0.0374762355570654
2023-05-15 09:00:00,-90.7183577413284,63.20257881754329,0.0014693490801344,RF,-75.03189285556661,24.744161107061988,0.0004419680602415,PLC,0.4060757191282379
2023-05-15 10:00:00,-89.11523016343847,85.88923945175608,0.0018482801057362,RF,-51.967553937419765,16.91517258831756,0.0004845728343243,PLC,0.2647022558719354
2023-05-15 11:00:00,-88.28153439221738,152.00635275425796,0.0018811481329201,RF,-91.84574391562224,20.54064329037398,4.189774712638865e-05,PLC,0.5170722224660375
2023-05-15 12:00:00,-88.7554393932865,91.05191877603718,0.0019664152963863,RF,-98.22994572019084,14.083917301944629,0.000204003301212,PLC,0.2429132102612166
2023-05-15 13:00:00,-85.98188877014634,151.47144605143262,0.0017983293721492,RF,-97.37602043188166,18.3115956918774,0.0006732760891602,PLC,0.3558772597555169
2023-05-15 14:00:00,-96.01482829248812,56.77417584611112,0.0010200676186273,RF,-86.45365749267842,10.494990427175717,0.0007980983988923,PLC,0.4591645464967429
2023-05-15 15:00:00,-86.65120883291539,158.35833214989566,0.0019634146113315,RF,-85.1361047421284,13.413577796890284,0.0006557207606421,PLC,0.5192925323616869
2023-05-15 16:00:00,-89.08736696934164,172.4282997084742,0.0020742535804525,RF,-98.39753563376615,28.510916234862503,0.0001714002422748,PLC,0.1749505988240373
2023-05-15 17:00:00,-79.64718431875248,186.71725940357703,0.0022385656703565,RF,-73.19970964452189,28.567207003859483,1.7758402579167476e-05,PLC,0.3192497940265086
2023-05-15 18:00:00,-88.06605417445347,169.71695642890194,0.0020413378046241,RF,-94.1562526289561,16.717302463385884,0.0007402075176554,PLC,0.2958424481398406
2023-05-15 19:00:00,-87.40679956770973,197.1182817331208,0.0022580484892536,RF,-75.52828052888515,16.091528619565892,0.0012297051673335,PLC,0.266111794571048
2023-05-15 20:00:00,-86.26939003231548,186.13785668343124,0.0021755432575848,RF,-92.04371273042172,21.852944608460383,0.0004890926253247,PLC,0.6692423733801829
2023-05-15 21:00:00,-90.17012999396452,147.04711694555436,0.0017771039447679,RF,-71.31014355142645,28.61706379366866,0.0005229577088267,PLC,0.4424969518268259
2023-05-15 22:00:00,-89.67335685039447,86.60162854020825,0.0016423862043414,RF,-72.89683751628178,12.032154226394416,0.0003610101871284,PLC,0.1648526742774924
2023-05-15 23:00:00,-95.51443784125485,44.48463806188311,0.0096307181328492,RF,-76.55893037091913,29.634486279510952,0.0003816252550418,PLC,0.527976991175796
2023-05-16 00:00:00,-89.13649573202761,92.4988288508606,0.0015734052231127,RF,-93.57683695607427,17.14912054944788,0.0003356688042522,PLC,0.7286926995021056
2023-05-16 01:00:00,-90.59978290908624,114.46121215337362,0.001486620403736,RF,-76.22794275338526,12.518256488394249,0.0003784757915613,PLC,0.5470775434251912
2023-05-16 02:00:00,-94.20589867631472,48.75318259104846,0.0074841242131455,RF,-74.22628969983381,23.32265957312625,0.0010331477081017,PLC,0.1217716723409977
2023-05-16 03:00:00,-88.67603775445635,94.61358734610172,0.0018199286880898,RF,-73.87050734372477,16.855464884562153,0.0004653537754296,PLC,0.2942943211889581
2023-05-16 04:00:00,-91.47506626334298,121.09204303237512,0.0015933808366619,RF,-92.5618536917726,24.288313269346705,0.001148362183178,PLC,0.5861518581977705
2023-05-16 05:00:00,-93.3779359859875,78.4053554317874,0.0012533176305446,RF,-68.62307626317082,26.06728763544687,6.620525752886491e-05,PLC,0.2570550890635366
2023-05-16 06:00:00,-85.74180717032924,155.40856469545918,0.00189552210149,RF,-88.64124466771169,27.921755147472737,0.0008310208522703,PLC,0.448969904691038
2023-05-16 07:00:00,-97.40804620329706,38.86620682408449,0.0117218244092722,RF,-60.5074732016415,10.769981366938213,2.019789666432657e-05,PLC,0.5041056755715562
2023-05-16 08:00:00,-99.1480040482502,20.103510264705022,0.0057339617385638,RF,-78.26090570312691,19.11796162746415,0.0012621015086673,PLC,0.2205115880703195
2023-05-16 09:00:00,-90.19934871399204,196.11935919274063,0.0023516172581265,RF,-93.53454876188668,18.289058917581173,0.0002123998281817,PLC,0.3650791073230333
2023-05-16 10:00:00,-96.95072082172864,38.77846403227335,0.0064400171142995,RF,-80.90450516215648,14.125977342141432,0.0016329293116884,PLC,0.0
2023-05-16 11:00:00,-86.78850041173669,77.95111200177968,0.0018625578630482,RF,-81.94406557832957,23.87499873428556,0.0005227089423005,PLC,0.204268726444285
2023-05-16 12:00:00,-81.59860661764857,176.07668488298648,0.0020911197354054,RF,-87.30343100018226,27.157245142390742,0.0001406216319902,PLC,0.3329053081011399
2023-05-16 13:00:00,-85.93216616756924,16.053311901009696,0.0041481383322217,RF,-80.4562614052071,24.570060330686808,0.0001963832812422,PLC,0.1670361363391918
2023-05-16 14:00:00,-91.15954487219182,107.41869589087716,0.0014341762522462,RF,-93.55133754050507,26.21689410467336,0.0009535394290843,PLC,0.6470685506552727
2023-05-16 15:00:00,-80.6877285200417,112.82203242092616,0.0013532733831546,RF,-95.3171890284374,21.04361016395284,0.0001274721874919,PLC,0.1366431036732278
2023-05-16 16:00:00,-82.92308670217056,117.9828147873072,0.0014401875147098,RF,-76.51379919344001,28.57476404563821,0.0001684359986652,PLC,0.3016592522171694
2023-05-16 17:00:00,-95.02794654317783,28.919714716407604,0.0064709810069534,RF,-73.13596847713981,16.631825379332646,0.000199018059195,PLC,0.3967900962143486
2023-05-16 18:00:00,-91.91063475661558,188.81822367478912,0.0021378349964256,RF,-77.1323032660037,26.49928596436259,0.0001594560208336,PLC,0.6152122148443527
2023-05-16 19:00:00,-82.87712095495274,151.9776477450759,0.0018526413306842,RF,-71.67409659509171,26.15524089431837,0.0005025864821845,PLC,0.1356896414700934
2023-05-16 20:00:00,-88.73689710544306,86.57568211871529,0.0016448907441292,RF,-69.02418833140925,27.041580705030785,0.0001621717783645,PLC,0.56886062535916
2023-05-16 21:00:00,-92.14739888391036,59.93096669067323,0.0014367574470372,RF,-94.20464754853867,21.37243930041292,0.0001147059363687,PLC,0.3767055101699312
2023-05-16 22:00:00,-100.1002365839224,45.77936746737886,0.0054468483193105,RF,-50.51092923073777,12.440903014026375,8.848257645318647e-05,PLC,0.2114152248253415
2023-05-16 23:00:00,-87.2830232249039,60.15076686168311,0.0013293079101744,RF,-91.20281407405336,19.35170640175211,0.0007585905143303,PLC,0.4520172457105451
2023-05-17 00:00:00,-95.07161303237925,83.77326184741806,0.0013887928288842,RF,-75.47534340534946,28.957665727536515,0.0010150869314225,PLC,0.4081766159289117
2023-05-17 01:00:00,-91.77814029852648,32.50132527514722,0.003034101592155,RF,-88.44280620669608,29.8139450776238,0.0006398829275708,PLC,0.2749638538068676
2023-05-17 02:00:00,-89.41629969070715,64.14701863065315,0.0016305302372074,RF,-112.6887306896922,16.617144046033008,0.0005044302796316,PLC,0.3866336808316698
2023-05-17 03:00:00,-84.49520459790604,139.04782981308833,0.001639939325529,RF,-53.63904099983489,20.4075713766508,0.000283816608485,PLC,0.3107810671897066
2023-05-17 04:00:00,-84.5042962661234,133.60540109280814,0.001673326779684,RF,-85.82626089466387,19.74951732687632,0.0005766622662335,PLC,0.3939195575418747
2023-05-17 05:00:00,-88.41186104299673,146.61023332892398,0.0017719174752189,RF,-78.90815856924355,13.573018174132264,0.0006504625180667,PLC,0.4853551124201745
2023-05-17 06:00:00,-93.35820917874356,90.84279168944371,0.0015150767545975,RF,-94.372578807201,17.71200850882385,0.0004551315565724,PLC,0.6393361360242255
2023-05-17 07:00:00,-83.16584485796153,134.37610104993306,0.0017219993438932,RF,-93.68348625294288,14.652839481425682,0.0008522974526118,PLC,0.1686974168621918
2023-05-17 08:00:00,-87.76522761055057,155.23369117900316,0.0019247935275357,RF,-68.8022885880988,15.01361030041415,0.0001233360250054,PLC,0.7305055624427111
2023-05-17 09:00:00,-84.61791203956535,183.7325398598004,0.0021058649665963,RF,-98.66493805063506,13.736971431016066,0.0006010798175665,PLC,0.0496520334129163
2023-05-17 10:00:00,-93.4289049389088,198.676955804817,0.0022111136382327,RF,-97.15111443152512,16.317389327373164,0.0002175664988991,PLC,0.3497024841607361
2023-05-17 11:00:00,-86.16671911239898,148.99648061706247,0.0018657248225264,RF,-64.42817937056668,10.271410715673367,0.0010587341505699,PLC,0.4730528677474295
2023-05-17 12:00:00,-88.26035283608982,167.96727543600838,0.0019604063701677,RF,-92.7704756568323,18.47287956683826,0.000824149718744,PLC,0.4218319779558388
2023-05-17 13:00:00,-94.57033043106604,13.80398756223808,0.0087526798147802,RF,-95.06284220254804,12.987813010328669,0.0001090921006815,PLC,0.2712167466965677
2023-05-17 14:00:00,-87.21377482609188,85.55774601679636,0.0015556860321061,RF,-76.57361797626096,24.38029392047593,0.0005798199094564,PLC,0.3403129582737875
2023-05-17 15:00:00,-91.38793732015723,21.632591300483487,0.0120001557622567,RF,-99.74554077329609,21.59227487434324,0.0009583901957402,PLC,0.2928331775568612
2023-05-17 16:00:00,-88.54054880260972,161.15195715589408,0.0020136811788459,RF,-109.93072663128008,11.92078744482691,0.0001623036043694,PLC,0.2767725405092981
2023-05-17 17:00:00,-87.68159850170466,187.53648651885612,0.0021332833083138,RF,-96.4793434901556,19.81866883473343,6.810455363768802e-05,PLC,0.5166003495035042
2023-05-17 18:00:00,-98.92127865747784,43.43983550917991,0.0074171348345338,RF,-71.87874254729456,10.52303642816364,0.000149602280169,PLC,0.4345025809941746
2023-05-17 19:00:00,-87.5289663899042,87.64653348081862,0.0017967457966266,RF,-117.5197593812542,18.526492128258752,0.000679170795912,PLC,0.2595150674565576
